State,StateAbbr,P_Experian,P_Equifax,P_TransUnion,Experian_Low90,Experian_High90,Equifax_Low90,Equifax_High90,TransUnion_Low90,TransUnion_High90,Most Likely Bureau,Runner-up Bureau,Lead Probability,Lead Margin (pts),Leader Holds in Resamples,Model Confidence,Observed Experian Share,Observed Equifax Share,Observed TransUnion Share,Observed Leader,Observed Gap (pts),Close Call,Datapoints,Sample Note,Close Call Status,Map Label,Summary
Alabama,AL,0.4320308251726977,0.3285179868846715,0.2394511879426308,0.3185975668634529,0.5320611229770337,0.2395274903313892,0.4140842824623024,0.1727656856787139,0.3339233194857797,Experian,Equifax,0.4320308251726977,10.4,0.8266666666666667,Moderate lean,0.375,0.375,0.25,Experian / Equifax,0.0,Yes,16,Moderate (10-29),Moderate lean,AL EX 43% EQ 33% TU 24%,"Experian 43%, ahead of Equifax by 10 pts; leader held in 83% of resamples"
Alaska,AK,0.5437252088150972,0.2347542259155682,0.2215205652693345,0.4857221718227931,0.5999643180341505,0.2017827211714715,0.2651414493389522,0.1851086671290906,0.2633935782402483,Experian,Equifax,0.5437252088150972,30.9,1.0,Thin data (national pattern),1.0,0.0,0.0,Experian,100.0,No,1,Thin (under 10),Not a close call,AK,"Experian 54%, ahead of Equifax by 31 pts; leader held in 100% of resamples"
Arizona,AZ,0.603425773142586,0.1666761112568879,0.229898115600526,0.5209575093609871,0.7001176463109494,0.1156158473069285,0.2275104405508332,0.172913091702542,0.2999592730143334,Experian,TransUnion,0.603425773142586,37.4,1.0,Clear lean,0.6363636363636364,0.1363636363636363,0.2272727272727272,Experian,40.9,No,44,Solid (30+),Not a close call,AZ,"Experian 60%, ahead of TransUnion by 37 pts; leader held in 100% of resamples"
Arkansas,AR,0.5138421609975286,0.1976795342151315,0.2884783047873399,0.4133234405786997,0.6354654841138755,0.1456911228306653,0.2708965872921138,0.1413084931060217,0.4125395877372599,Experian,TransUnion,0.5138421609975286,22.5,0.96,Clear lean,0.6363636363636364,0.0909090909090909,0.2727272727272727,Experian,36.4,No,11,Moderate (10-29),Not a close call,AR,"Experian 51%, ahead of TransUnion by 22 pts; leader held in 96% of resamples"
California,CA,0.5953428536017985,0.1840170557737303,0.2206400906244711,0.54076201038817,0.637083792017866,0.1462922039395146,0.2311275487276455,0.1850173152375029,0.2601115495196569,Experian,TransUnion,0.5953428536017985,37.5,1.0,Clear lean,0.5235480403265638,0.1853220604898457,0.2911298991835904,Experian,23.2,No,265,Solid (30+),Not a close call,CA,"Experian 60%, ahead of TransUnion by 38 pts; leader held in 100% of resamples"
Colorado,CO,0.5584900397509217,0.2288600053176847,0.2126499549313936,0.4198743093423286,0.6572645339818612,0.1495609323882249,0.3322492450274159,0.1231626620910822,0.3005013657507879,Experian,Equifax,0.5584900397509217,33.0,0.98,Clear lean,0.6451612903225806,0.1612903225806451,0.1935483870967742,Experian,45.2,No,37,Solid (30+),Not a close call,CO,"Experian 56%, ahead of Equifax by 33 pts; leader held in 98% of resamples"
Connecticut,CT,0.4528895072197475,0.2730941501903226,0.2740163425899298,0.368000308507512,0.5851092318447841,0.1700151839303529,0.3299215196520893,0.1986546200788386,0.3578674856754703,Experian,TransUnion,0.4528895072197475,17.9,0.9466666666666668,Clear lean,0.4761904761904761,0.3333333333333333,0.1904761904761904,Experian,14.3,Yes,21,Moderate (10-29),Clear lean,CT EX 45% EQ 27% TU 27%,"Experian 45%, ahead of TransUnion by 18 pts; leader held in 95% of resamples"
Delaware,DE,0.4971286643450366,0.2350261958638919,0.2678451397910713,0.4126551026866176,0.5685149628397513,0.1693080908428935,0.292561048013196,0.1999319824231445,0.3562019917398939,Experian,TransUnion,0.4971286643450366,22.9,0.9933333333333332,Clear lean,0.4583333333333333,0.25,0.2916666666666667,Experian,16.7,Yes,48,Solid (30+),Clear lean,DE EX 50% EQ 24% TU 27%,"Experian 50%, ahead of TransUnion by 23 pts; leader held in 99% of resamples"
District of Columbia,DC,0.5665750787338047,0.2276082423984677,0.2058166788677274,0.4355807072275881,0.6442192521487974,0.1671741883217987,0.3398032513289075,0.1601630043881047,0.2497250435260477,Experian,Equifax,0.5665750787338047,33.9,0.9933333333333332,Clear lean,0.7272727272727273,0.1818181818181818,0.0909090909090909,Experian,54.5,No,11,Moderate (10-29),Not a close call,DC,"Experian 57%, ahead of Equifax by 34 pts; leader held in 99% of resamples"
Florida,FL,0.472749402997394,0.3235761526680421,0.2036744443345638,0.4132755625691073,0.5181966545525971,0.2668716511511248,0.3653368785838883,0.1781158043178776,0.2662784445795284,Experian,Equifax,0.472749402997394,14.9,1.0,Clear lean,0.4028506730153597,0.3291089605296552,0.2680403664549849,Experian,7.4,Yes,882,Solid (30+),Clear lean,FL EX 47% EQ 32% TU 20%,"Experian 47%, ahead of Equifax by 15 pts; leader held in 100% of resamples"
Georgia,GA,0.4238421536646563,0.2962302602841316,0.2799275860512121,0.3356706605263271,0.480745832902427,0.2556036170169257,0.3667633538568331,0.2246765092509642,0.343384496760316,Experian,Equifax,0.4238421536646563,12.8,0.8866666666666667,Moderate lean,0.3714285714285714,0.2952380952380952,0.3333333333333333,Experian,3.8,Yes,115,Solid (30+),Moderate lean,GA EX 42% EQ 30% TU 28%,"Experian 42%, ahead of Equifax by 13 pts; leader held in 89% of resamples"
Hawaii,HI,0.4008834424541996,0.3702544993676319,0.2288620581781684,0.3213375833146539,0.5650859809522267,0.2223792845563371,0.4617097818126805,0.1763140348777801,0.2680543547990151,Experian,Equifax,0.4008834424541996,3.1,0.64,Toss-up,0.2307692307692307,0.4615384615384615,0.3076923076923077,Equifax,15.4,Yes,13,Moderate (10-29),Toss-up,HI EX 40% EQ 37% TU 23%,"Experian 40%, ahead of Equifax by 3 pts; leader held in 64% of resamples"
Idaho,ID,0.5484279889421345,0.176621612396247,0.2749503986616183,0.4262562386893067,0.6528549760740843,0.1283653696935303,0.2618889114764965,0.1760978177691814,0.3750253641527873,Experian,TransUnion,0.5484279889421345,27.3,0.9733333333333334,Clear lean,0.6428571428571429,0.0714285714285714,0.2857142857142857,Experian,35.7,No,14,Moderate (10-29),Not a close call,ID,"Experian 55%, ahead of TransUnion by 27 pts; leader held in 97% of resamples"
Illinois,IL,0.4957356624592403,0.2361946102153997,0.26806972732536,0.4244478327219832,0.5723522406258434,0.1832195851478196,0.2903055728730804,0.2046131749280474,0.3432141820714017,Experian,TransUnion,0.4957356624592403,22.8,1.0,Clear lean,0.4856442577030813,0.2176120448179271,0.2967436974789916,Experian,18.9,Yes,97,Solid (30+),Clear lean,IL EX 50% EQ 24% TU 27%,"Experian 50%, ahead of TransUnion by 23 pts; leader held in 100% of resamples"
Indiana,IN,0.5467044498665443,0.1593805935470189,0.2939149565864367,0.4732924631561748,0.6250956645000233,0.1105966359256144,0.2215821287374747,0.2204016472257148,0.3518398421441024,Experian,TransUnion,0.5467044498665443,25.3,1.0,Clear lean,0.4782608695652174,0.1956521739130435,0.3260869565217391,Experian,15.2,Yes,46,Solid (30+),Clear lean,IN EX 55% EQ 16% TU 29%,"Experian 55%, ahead of TransUnion by 25 pts; leader held in 100% of resamples"
Iowa,IA,0.5516859523955913,0.2595041880384172,0.1888098595659915,0.4470547263076156,0.6420383335068354,0.1728444143355238,0.3523005977590303,0.15615141894734,0.2465925097535406,Experian,Equifax,0.5516859523955913,29.2,0.9933333333333332,Thin data (national pattern),0.5,0.375,0.125,Experian,12.5,Yes,8,Thin (under 10),Thin data (national pattern),IA EX 55% EQ 26% TU 19%,"Experian 55%, ahead of Equifax by 29 pts; leader held in 99% of resamples"
Kansas,KS,0.3901324704733078,0.2453174576354725,0.3645500718912196,0.3069498263858992,0.4834109400803387,0.1515694311099518,0.3476539714254144,0.2457437385507846,0.4839281338924179,Experian,TransUnion,0.3901324704733078,2.6,0.58,Toss-up,0.2666666666666666,0.2666666666666666,0.4666666666666667,TransUnion,20.0,Yes,15,Moderate (10-29),Toss-up,KS EX 39% EQ 25% TU 36%,"Experian 39%, ahead of TransUnion by 3 pts; leader held in 58% of resamples"
Kentucky,KY,0.4479559343211813,0.227983633254671,0.3240604324241476,0.362932792700273,0.527558256550696,0.1527582429173931,0.2821748095311427,0.2345056002143476,0.4226101136556514,Experian,TransUnion,0.4479559343211813,12.4,0.8666666666666667,Moderate lean,0.5,0.1875,0.3125,Experian,18.8,Yes,32,Solid (30+),Moderate lean,KY EX 45% EQ 23% TU 32%,"Experian 45%, ahead of TransUnion by 12 pts; leader held in 87% of resamples"
Louisiana,LA,0.4083210656614194,0.305059978249352,0.2866189560892285,0.3162499432358357,0.5188425392227002,0.2304185759663413,0.3799470002441119,0.1892756635995301,0.3853457877744757,Experian,Equifax,0.4083210656614194,10.3,0.7733333333333333,Moderate lean,0.3333333333333333,0.3333333333333333,0.3333333333333333,Experian / Equifax / TransUnion,0.0,Yes,15,Moderate (10-29),Moderate lean,LA EX 41% EQ 31% TU 29%,"Experian 41%, ahead of Equifax by 10 pts; leader held in 77% of resamples"
Maine,ME,0.4430309622612923,0.2363370620155099,0.3206319757231977,0.3646785105548739,0.5406452474762242,0.1854388914271162,0.287361667772089,0.2456204993551171,0.387015221533699,Experian,TransUnion,0.4430309622612923,12.2,0.9333333333333332,Thin data (national pattern),0.25,0.25,0.5,TransUnion,25.0,No,4,Thin (under 10),Not a close call,ME,"Experian 44%, ahead of TransUnion by 12 pts; leader held in 93% of resamples"
Maryland,MD,0.5016922170469909,0.2692858797052418,0.2290219032477673,0.402477586394304,0.5794782005617032,0.2079074635039309,0.3562320609877067,0.1666293533358206,0.3064100195404338,Experian,Equifax,0.5016922170469909,23.2,0.98,Clear lean,0.4264705882352941,0.2941176470588235,0.2794117647058823,Experian,13.2,Yes,68,Solid (30+),Clear lean,MD EX 50% EQ 27% TU 23%,"Experian 50%, ahead of Equifax by 23 pts; leader held in 98% of resamples"
Massachusetts,MA,0.6143765450104023,0.2131707770861986,0.172452677903399,0.5530894352204982,0.6885082315501281,0.1574706142111229,0.2577699432881287,0.1184822824766845,0.232464769111564,Experian,Equifax,0.6143765450104023,40.1,1.0,Clear lean,0.6515151515151515,0.1969696969696969,0.1515151515151515,Experian,45.5,No,68,Solid (30+),Not a close call,MA,"Experian 61%, ahead of Equifax by 40 pts; leader held in 100% of resamples"
Michigan,MI,0.4636225564690084,0.2614810359528069,0.2748964075781847,0.3673037133368892,0.5500937229902946,0.2076571572571119,0.3562230413399375,0.1967955586045259,0.3404257954228585,Experian,TransUnion,0.4636225564690084,18.9,0.9666666666666668,Clear lean,0.5622895622895623,0.239057239057239,0.1986531986531986,Experian,32.3,No,41,Solid (30+),Not a close call,MI,"Experian 46%, ahead of TransUnion by 19 pts; leader held in 97% of resamples"
Minnesota,MN,0.5684910288268921,0.2367903748835566,0.1947185962895513,0.4922922962589691,0.6681002479276936,0.1438894104019221,0.3093847991844719,0.1336038264184348,0.2511623951589214,Experian,Equifax,0.5684910288268921,33.2,1.0,Clear lean,0.5862068965517241,0.2068965517241379,0.2068965517241379,Experian,37.9,No,29,Moderate (10-29),Not a close call,MN,"Experian 57%, ahead of Equifax by 33 pts; leader held in 100% of resamples"
Mississippi,MS,0.4306874434214898,0.3325481178314232,0.236764438747087,0.3335377003676681,0.5765873517011147,0.1981387800251159,0.4555927039867247,0.1680228276688814,0.3195433971754885,Experian,Equifax,0.4306874434214898,9.8,0.76,Thin data (national pattern),0.5714285714285714,0.2857142857142857,0.1428571428571428,Experian,28.6,No,7,Thin (under 10),Not a close call,MS,"Experian 43%, ahead of Equifax by 10 pts; leader held in 76% of resamples"
Missouri,MO,0.5340619801984939,0.2430411765762341,0.2228968432252717,0.4388946687853783,0.6224282945619498,0.1773088985819391,0.3301829930738562,0.1677446319435362,0.2778577390615954,Experian,Equifax,0.5340619801984939,29.1,0.9933333333333332,Clear lean,0.4242424242424242,0.2727272727272727,0.303030303030303,Experian,12.1,Yes,33,Solid (30+),Clear lean,MO EX 53% EQ 24% TU 22%,"Experian 53%, ahead of Equifax by 29 pts; leader held in 99% of resamples"
Montana,MT,0.4283422945451908,0.2792619688979415,0.2923957365568677,0.3840645464693432,0.5101648001955551,0.21447428000995,0.3565238899866649,0.2161197776596435,0.3543789922704764,Experian,TransUnion,0.4283422945451908,13.6,0.9933333333333332,Thin data (national pattern),0.0,0.5,0.5,Equifax / TransUnion,0.0,Yes,2,Thin (under 10),Thin data (national pattern),MT EX 43% EQ 28% TU 29%,"Experian 43%, ahead of TransUnion by 14 pts; leader held in 99% of resamples"
Nebraska,NE,0.4498267879751378,0.2816712286679786,0.2685019833568835,0.3991814144074984,0.5145960735644846,0.2042054454169801,0.3717207123933224,0.1888335514591033,0.3483065211190954,Experian,Equifax,0.4498267879751378,16.8,0.9733333333333334,Thin data (national pattern),0.0,0.5,0.5,Equifax / TransUnion,0.0,Yes,2,Thin (under 10),Thin data (national pattern),NE EX 45% EQ 28% TU 27%,"Experian 45%, ahead of Equifax by 17 pts; leader held in 97% of resamples"
Nevada,NV,0.5605070620700721,0.2298030242450199,0.2096899136849079,0.4647247739203128,0.6392364743939987,0.1707588779962304,0.2999073988282942,0.1470713828819229,0.287850579927549,Experian,Equifax,0.5605070620700721,33.1,1.0,Clear lean,0.4406779661016949,0.288135593220339,0.2711864406779661,Experian,15.3,Yes,59,Solid (30+),Clear lean,NV EX 56% EQ 23% TU 21%,"Experian 56%, ahead of Equifax by 33 pts; leader held in 100% of resamples"
New Hampshire,NH,0.5005289526264536,0.2883101020617182,0.2111609453118281,0.4371598945183916,0.6215117838049418,0.1855187756119809,0.3346415739047275,0.151940828508688,0.2651786547883659,Experian,Equifax,0.5005289526264536,21.2,1.0,Clear lean,0.5625,0.3125,0.125,Experian,25.0,No,16,Moderate (10-29),Not a close call,NH,"Experian 50%, ahead of Equifax by 21 pts; leader held in 100% of resamples"
New Jersey,NJ,0.5607464589521065,0.1755276432142376,0.2637258978336558,0.488405013751585,0.624789410585085,0.1408284280307527,0.2377140988950588,0.1996934241575463,0.3127208308815075,Experian,TransUnion,0.5607464589521065,29.7,1.0,Clear lean,0.5540540540540541,0.1621621621621621,0.2837837837837837,Experian,27.0,No,80,Solid (30+),Not a close call,NJ,"Experian 56%, ahead of TransUnion by 30 pts; leader held in 100% of resamples"
New Mexico,NM,0.5495574505631046,0.223945288241034,0.2264972611958614,0.455620473031597,0.6116770821045469,0.1732175519021485,0.3168915322695459,0.181900108118462,0.2803811672675746,Experian,TransUnion,0.5495574505631046,32.3,1.0,Clear lean,0.5454545454545454,0.1818181818181818,0.2727272727272727,Experian,27.3,No,11,Moderate (10-29),Not a close call,NM,"Experian 55%, ahead of TransUnion by 32 pts; leader held in 100% of resamples"
New York,NY,0.6087014895194883,0.1930681253119702,0.1982303851685414,0.5462201841908377,0.6788626946358243,0.1460296806826471,0.2460229247247445,0.1529162974253827,0.2384565160360719,Experian,TransUnion,0.6087014895194883,41.0,1.0,Clear lean,0.620253164556962,0.170886075949367,0.2088607594936709,Experian,41.1,No,139,Solid (30+),Not a close call,NY,"Experian 61%, ahead of TransUnion by 41 pts; leader held in 100% of resamples"
North Carolina,NC,0.4585897343735423,0.368314663099898,0.1730956025265594,0.3968067536884095,0.5233258694068068,0.3116817937179627,0.4256937503724984,0.1300805638558499,0.2237280798386962,Experian,Equifax,0.4585897343735423,9.0,0.92,Moderate lean,0.5076628352490421,0.3416347381864623,0.1507024265644955,Experian,16.6,Yes,77,Solid (30+),Moderate lean,NC EX 46% EQ 37% TU 17%,"Experian 46%, ahead of Equifax by 9 pts; leader held in 92% of resamples"
Ohio,OH,0.5609901628047704,0.1454790618598272,0.2935307753354024,0.425800013807498,0.6378367248876404,0.1036294906630766,0.2471174924544931,0.2162117611428378,0.3693143917118378,Experian,TransUnion,0.5609901628047704,26.7,0.9933333333333332,Clear lean,0.5714285714285714,0.0952380952380952,0.3333333333333333,Experian,23.8,No,42,Solid (30+),Not a close call,OH,"Experian 56%, ahead of TransUnion by 27 pts; leader held in 99% of resamples"
Oklahoma,OK,0.4212832626810583,0.2900667605403714,0.2886499767785702,0.357064913044257,0.5093079361894759,0.1914594534717061,0.3474743617614171,0.1890229965116945,0.3979027328516451,Experian,Equifax,0.4212832626810583,13.1,0.9066666666666666,Clear lean,0.5,0.3333333333333333,0.1666666666666666,Experian,16.7,Yes,12,Moderate (10-29),Clear lean,OK EX 42% EQ 29% TU 29%,"Experian 42%, ahead of Equifax by 13 pts; leader held in 91% of resamples"
Oregon,OR,0.5184372194065637,0.1889159000809571,0.292646880512479,0.4057064616595711,0.5996624977974896,0.1542670812820078,0.2498018346006104,0.194920619486649,0.3951438119049125,Experian,TransUnion,0.5184372194065637,22.6,0.9466666666666668,Clear lean,0.5426136363636364,0.1477272727272727,0.3096590909090909,Experian,23.3,No,33,Solid (30+),Not a close call,OR,"Experian 52%, ahead of TransUnion by 23 pts; leader held in 95% of resamples"
Pennsylvania,PA,0.5566602069523641,0.1677780362360914,0.2755617568115445,0.4783530239571092,0.6316517321554442,0.1242245727981689,0.2398627262957308,0.2164852952895367,0.3255167701975443,Experian,TransUnion,0.5566602069523641,28.1,1.0,Clear lean,0.5678160919540229,0.1558620689655172,0.2763218390804597,Experian,29.1,No,94,Solid (30+),Not a close call,PA,"Experian 56%, ahead of TransUnion by 28 pts; leader held in 100% of resamples"
Rhode Island,RI,0.5437252088150972,0.2347542259155682,0.2215205652693345,0.4873831804658058,0.5965324688086339,0.2085675784203839,0.2701656938148994,0.1839681178798145,0.2637640955356621,Experian,Equifax,0.5437252088150972,30.9,1.0,Thin data (national pattern),1.0,0.0,0.0,Experian,100.0,No,1,Thin (under 10),Not a close call,RI,"Experian 54%, ahead of Equifax by 31 pts; leader held in 100% of resamples"
South Carolina,SC,0.3789253061894935,0.3662113502303976,0.2548633435801088,0.3035451757188908,0.4368064377527101,0.3036160508263371,0.456037431804049,0.192546377437108,0.3102806375289634,Experian,Equifax,0.3789253061894935,1.3,0.4266666666666667,Toss-up,0.3658536585365853,0.3658536585365853,0.2682926829268293,Experian / Equifax,0.0,Yes,41,Solid (30+),Toss-up,SC EX 38% EQ 37% TU 25%,"Experian 38%, ahead of Equifax by 1 pts; leader held in 43% of resamples"
South Dakota,SD,0.4764437641193209,0.2919412284314784,0.2316150074492007,0.4227837550761506,0.529196388374667,0.2020258526104066,0.3848403918330175,0.1764367956666661,0.2873891744862602,Experian,Equifax,0.4764437641193209,18.5,0.9866666666666668,Thin data (national pattern),0.3333333333333333,0.5,0.1666666666666666,Equifax,16.7,Yes,6,Thin (under 10),Thin data (national pattern),SD EX 48% EQ 29% TU 23%,"Experian 48%, ahead of Equifax by 18 pts; leader held in 99% of resamples"
Tennessee,TN,0.453557364146669,0.3003019044536382,0.2461407313996926,0.3906615785475223,0.5877360115803401,0.2017729939592259,0.3412496017003453,0.1821459863716058,0.3071816673196464,Experian,Equifax,0.453557364146669,15.3,0.98,Clear lean,0.5238095238095238,0.3333333333333333,0.1428571428571428,Experian,19.0,Yes,21,Moderate (10-29),Clear lean,TN EX 45% EQ 30% TU 25%,"Experian 45%, ahead of Equifax by 15 pts; leader held in 98% of resamples"
Texas,TX,0.5970008530805131,0.2199432526894044,0.1830558942300824,0.5339110308059797,0.6560733655663875,0.1782069418805034,0.2855642214487715,0.1361967337097376,0.2291007175624315,Experian,Equifax,0.5970008530805131,37.7,1.0,Clear lean,0.5897065897065897,0.1978073012555771,0.2124861090378331,Experian,37.7,No,171,Solid (30+),Not a close call,TX,"Experian 60%, ahead of Equifax by 38 pts; leader held in 100% of resamples"
Utah,UT,0.4720661569929285,0.1773134592849648,0.3506203837221067,0.3490768072624794,0.5960401708280092,0.1372246473759127,0.2377815583659392,0.2038118803094668,0.4981045679017443,Experian,TransUnion,0.4720661569929285,12.1,0.7933333333333333,Thin data (national pattern),0.5714285714285714,0.0,0.4285714285714285,Experian,14.3,Yes,7,Thin (under 10),Thin data (national pattern),UT EX 47% EQ 18% TU 35%,"Experian 47%, ahead of TransUnion by 12 pts; leader held in 79% of resamples"
Vermont,VT,0.4679508428248161,0.2325462194800919,0.2995029376950919,0.4126022700737386,0.5327112283299907,0.2042946196745501,0.2714982142262332,0.225992092834887,0.3678184161328982,Experian,TransUnion,0.4679508428248161,16.8,0.9933333333333332,Thin data (national pattern),0.0,0.0,1.0,TransUnion,100.0,No,1,Thin (under 10),Not a close call,VT,"Experian 47%, ahead of TransUnion by 17 pts; leader held in 99% of resamples"
Virginia,VA,0.389606167527214,0.3607928513697384,0.2496009811030475,0.3303215270286381,0.4747859043940203,0.2900489223024103,0.4348619714244942,0.1787028516134813,0.3013152157181621,Experian,Equifax,0.389606167527214,2.9,0.68,Toss-up,0.3917710196779964,0.3810375670840787,0.2271914132379248,Experian,1.1,Yes,46,Solid (30+),Toss-up,VA EX 39% EQ 36% TU 25%,"Experian 39%, ahead of Equifax by 3 pts; leader held in 68% of resamples"
Washington,WA,0.5323739179959679,0.2361724364037965,0.2314536456002356,0.4758491925166143,0.5997934590391799,0.1741404383385995,0.2792434118077402,0.1858957442863443,0.2853457143942817,Experian,Equifax,0.5323739179959679,29.6,1.0,Clear lean,0.5369360902255639,0.2044172932330827,0.2586466165413534,Experian,27.8,No,85,Solid (30+),Not a close call,WA,"Experian 53%, ahead of Equifax by 30 pts; leader held in 100% of resamples"
West Virginia,WV,0.5909020609477375,0.2367420382884326,0.1723559007638298,0.4815018385890436,0.6627404516389224,0.1767876120865551,0.3331846039821376,0.1373078081312816,0.2247886437792823,Experian,Equifax,0.5909020609477375,35.4,1.0,Thin data (national pattern),0.75,0.25,0.0,Experian,50.0,No,4,Thin (under 10),Not a close call,WV,"Experian 59%, ahead of Equifax by 35 pts; leader held in 100% of resamples"
Wisconsin,WI,0.5304746824884687,0.2475775362225096,0.2219477812890216,0.3724575236525187,0.6691258037447768,0.1588104162255315,0.3904842224933023,0.1635174327824408,0.2785235667477935,Experian,Equifax,0.5304746824884687,28.3,0.94,Clear lean,0.7,0.2,0.1,Experian,50.0,No,10,Moderate (10-29),Not a close call,WI,"Experian 53%, ahead of Equifax by 28 pts; leader held in 94% of resamples"
