State,StateAbbr,Bureau,Predicted Likelihood,Low 90,High 90,Observed Share,Is Most Likely,Close Call,Model Confidence,Datapoints,Pct Label,Range Label,Close Call Status
Alabama,AL,Experian,0.4320308251726977,0.3185975668634529,0.5320611229770337,0.375,Yes,Yes,Moderate lean,16,43%,43% (32% to 53%),Moderate lean
Alabama,AL,Equifax,0.3285179868846715,0.2395274903313892,0.4140842824623024,0.375,No,Yes,Moderate lean,16,33%,33% (24% to 41%),Moderate lean
Alabama,AL,TransUnion,0.2394511879426308,0.1727656856787139,0.3339233194857797,0.25,No,Yes,Moderate lean,16,24%,24% (17% to 33%),Moderate lean
Alaska,AK,Experian,0.5437252088150972,0.4857221718227931,0.5999643180341505,1.0,Yes,No,Thin data (national pattern),1,54%,54% (49% to 60%),Not a close call
Alaska,AK,Equifax,0.2347542259155682,0.2017827211714715,0.2651414493389522,0.0,No,No,Thin data (national pattern),1,23%,23% (20% to 27%),Not a close call
Alaska,AK,TransUnion,0.2215205652693345,0.1851086671290906,0.2633935782402483,0.0,No,No,Thin data (national pattern),1,22%,22% (19% to 26%),Not a close call
Arizona,AZ,Experian,0.603425773142586,0.5209575093609871,0.7001176463109494,0.6363636363636364,Yes,No,Clear lean,44,60%,60% (52% to 70%),Not a close call
Arizona,AZ,Equifax,0.1666761112568879,0.1156158473069285,0.2275104405508332,0.1363636363636363,No,No,Clear lean,44,17%,17% (12% to 23%),Not a close call
Arizona,AZ,TransUnion,0.229898115600526,0.172913091702542,0.2999592730143334,0.2272727272727272,No,No,Clear lean,44,23%,23% (17% to 30%),Not a close call
Arkansas,AR,Experian,0.5138421609975286,0.4133234405786997,0.6354654841138755,0.6363636363636364,Yes,No,Clear lean,11,51%,51% (41% to 64%),Not a close call
Arkansas,AR,Equifax,0.1976795342151315,0.1456911228306653,0.2708965872921138,0.0909090909090909,No,No,Clear lean,11,20%,20% (15% to 27%),Not a close call
Arkansas,AR,TransUnion,0.2884783047873399,0.1413084931060217,0.4125395877372599,0.2727272727272727,No,No,Clear lean,11,29%,29% (14% to 41%),Not a close call
California,CA,Experian,0.5953428536017985,0.54076201038817,0.637083792017866,0.5235480403265638,Yes,No,Clear lean,265,60%,60% (54% to 64%),Not a close call
California,CA,Equifax,0.1840170557737303,0.1462922039395146,0.2311275487276455,0.1853220604898457,No,No,Clear lean,265,18%,18% (15% to 23%),Not a close call
California,CA,TransUnion,0.2206400906244711,0.1850173152375029,0.2601115495196569,0.2911298991835904,No,No,Clear lean,265,22%,22% (19% to 26%),Not a close call
Colorado,CO,Experian,0.5584900397509217,0.4198743093423286,0.6572645339818612,0.6451612903225806,Yes,No,Clear lean,37,56%,56% (42% to 66%),Not a close call
Colorado,CO,Equifax,0.2288600053176847,0.1495609323882249,0.3322492450274159,0.1612903225806451,No,No,Clear lean,37,23%,23% (15% to 33%),Not a close call
Colorado,CO,TransUnion,0.2126499549313936,0.1231626620910822,0.3005013657507879,0.1935483870967742,No,No,Clear lean,37,21%,21% (12% to 30%),Not a close call
Connecticut,CT,Experian,0.4528895072197475,0.368000308507512,0.5851092318447841,0.4761904761904761,Yes,Yes,Clear lean,21,45%,45% (37% to 59%),Clear lean
Connecticut,CT,Equifax,0.2730941501903226,0.1700151839303529,0.3299215196520893,0.3333333333333333,No,Yes,Clear lean,21,27%,27% (17% to 33%),Clear lean
Connecticut,CT,TransUnion,0.2740163425899298,0.1986546200788386,0.3578674856754703,0.1904761904761904,No,Yes,Clear lean,21,27%,27% (20% to 36%),Clear lean
Delaware,DE,Experian,0.4971286643450366,0.4126551026866176,0.5685149628397513,0.4583333333333333,Yes,Yes,Clear lean,48,50%,50% (41% to 57%),Clear lean
Delaware,DE,Equifax,0.2350261958638919,0.1693080908428935,0.292561048013196,0.25,No,Yes,Clear lean,48,24%,24% (17% to 29%),Clear lean
Delaware,DE,TransUnion,0.2678451397910713,0.1999319824231445,0.3562019917398939,0.2916666666666667,No,Yes,Clear lean,48,27%,27% (20% to 36%),Clear lean
District of Columbia,DC,Experian,0.5665750787338047,0.4355807072275881,0.6442192521487974,0.7272727272727273,Yes,No,Clear lean,11,57%,57% (44% to 64%),Not a close call
District of Columbia,DC,Equifax,0.2276082423984677,0.1671741883217987,0.3398032513289075,0.1818181818181818,No,No,Clear lean,11,23%,23% (17% to 34%),Not a close call
District of Columbia,DC,TransUnion,0.2058166788677274,0.1601630043881047,0.2497250435260477,0.0909090909090909,No,No,Clear lean,11,21%,21% (16% to 25%),Not a close call
Florida,FL,Experian,0.472749402997394,0.4132755625691073,0.5181966545525971,0.4028506730153597,Yes,Yes,Clear lean,882,47%,47% (41% to 52%),Clear lean
Florida,FL,Equifax,0.3235761526680421,0.2668716511511248,0.3653368785838883,0.3291089605296552,No,Yes,Clear lean,882,32%,32% (27% to 37%),Clear lean
Florida,FL,TransUnion,0.2036744443345638,0.1781158043178776,0.2662784445795284,0.2680403664549849,No,Yes,Clear lean,882,20%,20% (18% to 27%),Clear lean
Georgia,GA,Experian,0.4238421536646563,0.3356706605263271,0.480745832902427,0.3714285714285714,Yes,Yes,Moderate lean,115,42%,42% (34% to 48%),Moderate lean
Georgia,GA,Equifax,0.2962302602841316,0.2556036170169257,0.3667633538568331,0.2952380952380952,No,Yes,Moderate lean,115,30%,30% (26% to 37%),Moderate lean
Georgia,GA,TransUnion,0.2799275860512121,0.2246765092509642,0.343384496760316,0.3333333333333333,No,Yes,Moderate lean,115,28%,28% (22% to 34%),Moderate lean
Hawaii,HI,Experian,0.4008834424541996,0.3213375833146539,0.5650859809522267,0.2307692307692307,Yes,Yes,Toss-up,13,40%,40% (32% to 57%),Toss-up
Hawaii,HI,Equifax,0.3702544993676319,0.2223792845563371,0.4617097818126805,0.4615384615384615,No,Yes,Toss-up,13,37%,37% (22% to 46%),Toss-up
Hawaii,HI,TransUnion,0.2288620581781684,0.1763140348777801,0.2680543547990151,0.3076923076923077,No,Yes,Toss-up,13,23%,23% (18% to 27%),Toss-up
Idaho,ID,Experian,0.5484279889421345,0.4262562386893067,0.6528549760740843,0.6428571428571429,Yes,No,Clear lean,14,55%,55% (43% to 65%),Not a close call
Idaho,ID,Equifax,0.176621612396247,0.1283653696935303,0.2618889114764965,0.0714285714285714,No,No,Clear lean,14,18%,18% (13% to 26%),Not a close call
Idaho,ID,TransUnion,0.2749503986616183,0.1760978177691814,0.3750253641527873,0.2857142857142857,No,No,Clear lean,14,27%,27% (18% to 38%),Not a close call
Illinois,IL,Experian,0.4957356624592403,0.4244478327219832,0.5723522406258434,0.4856442577030813,Yes,Yes,Clear lean,97,50%,50% (42% to 57%),Clear lean
Illinois,IL,Equifax,0.2361946102153997,0.1832195851478196,0.2903055728730804,0.2176120448179271,No,Yes,Clear lean,97,24%,24% (18% to 29%),Clear lean
Illinois,IL,TransUnion,0.26806972732536,0.2046131749280474,0.3432141820714017,0.2967436974789916,No,Yes,Clear lean,97,27%,27% (20% to 34%),Clear lean
Indiana,IN,Experian,0.5467044498665443,0.4732924631561748,0.6250956645000233,0.4782608695652174,Yes,Yes,Clear lean,46,55%,55% (47% to 63%),Clear lean
Indiana,IN,Equifax,0.1593805935470189,0.1105966359256144,0.2215821287374747,0.1956521739130435,No,Yes,Clear lean,46,16%,16% (11% to 22%),Clear lean
Indiana,IN,TransUnion,0.2939149565864367,0.2204016472257148,0.3518398421441024,0.3260869565217391,No,Yes,Clear lean,46,29%,29% (22% to 35%),Clear lean
Iowa,IA,Experian,0.5516859523955913,0.4470547263076156,0.6420383335068354,0.5,Yes,Yes,Thin data (national pattern),8,55%,55% (45% to 64%),Thin data (national pattern)
Iowa,IA,Equifax,0.2595041880384172,0.1728444143355238,0.3523005977590303,0.375,No,Yes,Thin data (national pattern),8,26%,26% (17% to 35%),Thin data (national pattern)
Iowa,IA,TransUnion,0.1888098595659915,0.15615141894734,0.2465925097535406,0.125,No,Yes,Thin data (national pattern),8,19%,19% (16% to 25%),Thin data (national pattern)
Kansas,KS,Experian,0.3901324704733078,0.3069498263858992,0.4834109400803387,0.2666666666666666,Yes,Yes,Toss-up,15,39%,39% (31% to 48%),Toss-up
Kansas,KS,Equifax,0.2453174576354725,0.1515694311099518,0.3476539714254144,0.2666666666666666,No,Yes,Toss-up,15,25%,25% (15% to 35%),Toss-up
Kansas,KS,TransUnion,0.3645500718912196,0.2457437385507846,0.4839281338924179,0.4666666666666667,No,Yes,Toss-up,15,36%,36% (25% to 48%),Toss-up
Kentucky,KY,Experian,0.4479559343211813,0.362932792700273,0.527558256550696,0.5,Yes,Yes,Moderate lean,32,45%,45% (36% to 53%),Moderate lean
Kentucky,KY,Equifax,0.227983633254671,0.1527582429173931,0.2821748095311427,0.1875,No,Yes,Moderate lean,32,23%,23% (15% to 28%),Moderate lean
Kentucky,KY,TransUnion,0.3240604324241476,0.2345056002143476,0.4226101136556514,0.3125,No,Yes,Moderate lean,32,32%,32% (23% to 42%),Moderate lean
Louisiana,LA,Experian,0.4083210656614194,0.3162499432358357,0.5188425392227002,0.3333333333333333,Yes,Yes,Moderate lean,15,41%,41% (32% to 52%),Moderate lean
Louisiana,LA,Equifax,0.305059978249352,0.2304185759663413,0.3799470002441119,0.3333333333333333,No,Yes,Moderate lean,15,31%,31% (23% to 38%),Moderate lean
Louisiana,LA,TransUnion,0.2866189560892285,0.1892756635995301,0.3853457877744757,0.3333333333333333,No,Yes,Moderate lean,15,29%,29% (19% to 39%),Moderate lean
Maine,ME,Experian,0.4430309622612923,0.3646785105548739,0.5406452474762242,0.25,Yes,No,Thin data (national pattern),4,44%,44% (36% to 54%),Not a close call
Maine,ME,Equifax,0.2363370620155099,0.1854388914271162,0.287361667772089,0.25,No,No,Thin data (national pattern),4,24%,24% (19% to 29%),Not a close call
Maine,ME,TransUnion,0.3206319757231977,0.2456204993551171,0.387015221533699,0.5,No,No,Thin data (national pattern),4,32%,32% (25% to 39%),Not a close call
Maryland,MD,Experian,0.5016922170469909,0.402477586394304,0.5794782005617032,0.4264705882352941,Yes,Yes,Clear lean,68,50%,50% (40% to 58%),Clear lean
Maryland,MD,Equifax,0.2692858797052418,0.2079074635039309,0.3562320609877067,0.2941176470588235,No,Yes,Clear lean,68,27%,27% (21% to 36%),Clear lean
Maryland,MD,TransUnion,0.2290219032477673,0.1666293533358206,0.3064100195404338,0.2794117647058823,No,Yes,Clear lean,68,23%,23% (17% to 31%),Clear lean
Massachusetts,MA,Experian,0.6143765450104023,0.5530894352204982,0.6885082315501281,0.6515151515151515,Yes,No,Clear lean,68,61%,61% (55% to 69%),Not a close call
Massachusetts,MA,Equifax,0.2131707770861986,0.1574706142111229,0.2577699432881287,0.1969696969696969,No,No,Clear lean,68,21%,21% (16% to 26%),Not a close call
Massachusetts,MA,TransUnion,0.172452677903399,0.1184822824766845,0.232464769111564,0.1515151515151515,No,No,Clear lean,68,17%,17% (12% to 23%),Not a close call
Michigan,MI,Experian,0.4636225564690084,0.3673037133368892,0.5500937229902946,0.5622895622895623,Yes,No,Clear lean,41,46%,46% (37% to 55%),Not a close call
Michigan,MI,Equifax,0.2614810359528069,0.2076571572571119,0.3562230413399375,0.239057239057239,No,No,Clear lean,41,26%,26% (21% to 36%),Not a close call
Michigan,MI,TransUnion,0.2748964075781847,0.1967955586045259,0.3404257954228585,0.1986531986531986,No,No,Clear lean,41,27%,27% (20% to 34%),Not a close call
Minnesota,MN,Experian,0.5684910288268921,0.4922922962589691,0.6681002479276936,0.5862068965517241,Yes,No,Clear lean,29,57%,57% (49% to 67%),Not a close call
Minnesota,MN,Equifax,0.2367903748835566,0.1438894104019221,0.3093847991844719,0.2068965517241379,No,No,Clear lean,29,24%,24% (14% to 31%),Not a close call
Minnesota,MN,TransUnion,0.1947185962895513,0.1336038264184348,0.2511623951589214,0.2068965517241379,No,No,Clear lean,29,19%,19% (13% to 25%),Not a close call
Mississippi,MS,Experian,0.4306874434214898,0.3335377003676681,0.5765873517011147,0.5714285714285714,Yes,No,Thin data (national pattern),7,43%,43% (33% to 58%),Not a close call
Mississippi,MS,Equifax,0.3325481178314232,0.1981387800251159,0.4555927039867247,0.2857142857142857,No,No,Thin data (national pattern),7,33%,33% (20% to 46%),Not a close call
Mississippi,MS,TransUnion,0.236764438747087,0.1680228276688814,0.3195433971754885,0.1428571428571428,No,No,Thin data (national pattern),7,24%,24% (17% to 32%),Not a close call
Missouri,MO,Experian,0.5340619801984939,0.4388946687853783,0.6224282945619498,0.4242424242424242,Yes,Yes,Clear lean,33,53%,53% (44% to 62%),Clear lean
Missouri,MO,Equifax,0.2430411765762341,0.1773088985819391,0.3301829930738562,0.2727272727272727,No,Yes,Clear lean,33,24%,24% (18% to 33%),Clear lean
Missouri,MO,TransUnion,0.2228968432252717,0.1677446319435362,0.2778577390615954,0.303030303030303,No,Yes,Clear lean,33,22%,22% (17% to 28%),Clear lean
Montana,MT,Experian,0.4283422945451908,0.3840645464693432,0.5101648001955551,0.0,Yes,Yes,Thin data (national pattern),2,43%,43% (38% to 51%),Thin data (national pattern)
Montana,MT,Equifax,0.2792619688979415,0.21447428000995,0.3565238899866649,0.5,No,Yes,Thin data (national pattern),2,28%,28% (21% to 36%),Thin data (national pattern)
Montana,MT,TransUnion,0.2923957365568677,0.2161197776596435,0.3543789922704764,0.5,No,Yes,Thin data (national pattern),2,29%,29% (22% to 35%),Thin data (national pattern)
Nebraska,NE,Experian,0.4498267879751378,0.3991814144074984,0.5145960735644846,0.0,Yes,Yes,Thin data (national pattern),2,45%,45% (40% to 51%),Thin data (national pattern)
Nebraska,NE,Equifax,0.2816712286679786,0.2042054454169801,0.3717207123933224,0.5,No,Yes,Thin data (national pattern),2,28%,28% (20% to 37%),Thin data (national pattern)
Nebraska,NE,TransUnion,0.2685019833568835,0.1888335514591033,0.3483065211190954,0.5,No,Yes,Thin data (national pattern),2,27%,27% (19% to 35%),Thin data (national pattern)
Nevada,NV,Experian,0.5605070620700721,0.4647247739203128,0.6392364743939987,0.4406779661016949,Yes,Yes,Clear lean,59,56%,56% (46% to 64%),Clear lean
Nevada,NV,Equifax,0.2298030242450199,0.1707588779962304,0.2999073988282942,0.288135593220339,No,Yes,Clear lean,59,23%,23% (17% to 30%),Clear lean
Nevada,NV,TransUnion,0.2096899136849079,0.1470713828819229,0.287850579927549,0.2711864406779661,No,Yes,Clear lean,59,21%,21% (15% to 29%),Clear lean
New Hampshire,NH,Experian,0.5005289526264536,0.4371598945183916,0.6215117838049418,0.5625,Yes,No,Clear lean,16,50%,50% (44% to 62%),Not a close call
New Hampshire,NH,Equifax,0.2883101020617182,0.1855187756119809,0.3346415739047275,0.3125,No,No,Clear lean,16,29%,29% (19% to 33%),Not a close call
New Hampshire,NH,TransUnion,0.2111609453118281,0.151940828508688,0.2651786547883659,0.125,No,No,Clear lean,16,21%,21% (15% to 27%),Not a close call
New Jersey,NJ,Experian,0.5607464589521065,0.488405013751585,0.624789410585085,0.5540540540540541,Yes,No,Clear lean,80,56%,56% (49% to 62%),Not a close call
New Jersey,NJ,Equifax,0.1755276432142376,0.1408284280307527,0.2377140988950588,0.1621621621621621,No,No,Clear lean,80,18%,18% (14% to 24%),Not a close call
New Jersey,NJ,TransUnion,0.2637258978336558,0.1996934241575463,0.3127208308815075,0.2837837837837837,No,No,Clear lean,80,26%,26% (20% to 31%),Not a close call
New Mexico,NM,Experian,0.5495574505631046,0.455620473031597,0.6116770821045469,0.5454545454545454,Yes,No,Clear lean,11,55%,55% (46% to 61%),Not a close call
New Mexico,NM,Equifax,0.223945288241034,0.1732175519021485,0.3168915322695459,0.1818181818181818,No,No,Clear lean,11,22%,22% (17% to 32%),Not a close call
New Mexico,NM,TransUnion,0.2264972611958614,0.181900108118462,0.2803811672675746,0.2727272727272727,No,No,Clear lean,11,23%,23% (18% to 28%),Not a close call
New York,NY,Experian,0.6087014895194883,0.5462201841908377,0.6788626946358243,0.620253164556962,Yes,No,Clear lean,139,61%,61% (55% to 68%),Not a close call
New York,NY,Equifax,0.1930681253119702,0.1460296806826471,0.2460229247247445,0.170886075949367,No,No,Clear lean,139,19%,19% (15% to 25%),Not a close call
New York,NY,TransUnion,0.1982303851685414,0.1529162974253827,0.2384565160360719,0.2088607594936709,No,No,Clear lean,139,20%,20% (15% to 24%),Not a close call
North Carolina,NC,Experian,0.4585897343735423,0.3968067536884095,0.5233258694068068,0.5076628352490421,Yes,Yes,Moderate lean,77,46%,46% (40% to 52%),Moderate lean
North Carolina,NC,Equifax,0.368314663099898,0.3116817937179627,0.4256937503724984,0.3416347381864623,No,Yes,Moderate lean,77,37%,37% (31% to 43%),Moderate lean
North Carolina,NC,TransUnion,0.1730956025265594,0.1300805638558499,0.2237280798386962,0.1507024265644955,No,Yes,Moderate lean,77,17%,17% (13% to 22%),Moderate lean
Ohio,OH,Experian,0.5609901628047704,0.425800013807498,0.6378367248876404,0.5714285714285714,Yes,No,Clear lean,42,56%,56% (43% to 64%),Not a close call
Ohio,OH,Equifax,0.1454790618598272,0.1036294906630766,0.2471174924544931,0.0952380952380952,No,No,Clear lean,42,15%,15% (10% to 25%),Not a close call
Ohio,OH,TransUnion,0.2935307753354024,0.2162117611428378,0.3693143917118378,0.3333333333333333,No,No,Clear lean,42,29%,29% (22% to 37%),Not a close call
Oklahoma,OK,Experian,0.4212832626810583,0.357064913044257,0.5093079361894759,0.5,Yes,Yes,Clear lean,12,42%,42% (36% to 51%),Clear lean
Oklahoma,OK,Equifax,0.2900667605403714,0.1914594534717061,0.3474743617614171,0.3333333333333333,No,Yes,Clear lean,12,29%,29% (19% to 35%),Clear lean
Oklahoma,OK,TransUnion,0.2886499767785702,0.1890229965116945,0.3979027328516451,0.1666666666666666,No,Yes,Clear lean,12,29%,29% (19% to 40%),Clear lean
Oregon,OR,Experian,0.5184372194065637,0.4057064616595711,0.5996624977974896,0.5426136363636364,Yes,No,Clear lean,33,52%,52% (41% to 60%),Not a close call
Oregon,OR,Equifax,0.1889159000809571,0.1542670812820078,0.2498018346006104,0.1477272727272727,No,No,Clear lean,33,19%,19% (15% to 25%),Not a close call
Oregon,OR,TransUnion,0.292646880512479,0.194920619486649,0.3951438119049125,0.3096590909090909,No,No,Clear lean,33,29%,29% (19% to 40%),Not a close call
Pennsylvania,PA,Experian,0.5566602069523641,0.4783530239571092,0.6316517321554442,0.5678160919540229,Yes,No,Clear lean,94,56%,56% (48% to 63%),Not a close call
Pennsylvania,PA,Equifax,0.1677780362360914,0.1242245727981689,0.2398627262957308,0.1558620689655172,No,No,Clear lean,94,17%,17% (12% to 24%),Not a close call
Pennsylvania,PA,TransUnion,0.2755617568115445,0.2164852952895367,0.3255167701975443,0.2763218390804597,No,No,Clear lean,94,28%,28% (22% to 33%),Not a close call
Rhode Island,RI,Experian,0.5437252088150972,0.4873831804658058,0.5965324688086339,1.0,Yes,No,Thin data (national pattern),1,54%,54% (49% to 60%),Not a close call
Rhode Island,RI,Equifax,0.2347542259155682,0.2085675784203839,0.2701656938148994,0.0,No,No,Thin data (national pattern),1,23%,23% (21% to 27%),Not a close call
Rhode Island,RI,TransUnion,0.2215205652693345,0.1839681178798145,0.2637640955356621,0.0,No,No,Thin data (national pattern),1,22%,22% (18% to 26%),Not a close call
South Carolina,SC,Experian,0.3789253061894935,0.3035451757188908,0.4368064377527101,0.3658536585365853,Yes,Yes,Toss-up,41,38%,38% (30% to 44%),Toss-up
South Carolina,SC,Equifax,0.3662113502303976,0.3036160508263371,0.456037431804049,0.3658536585365853,No,Yes,Toss-up,41,37%,37% (30% to 46%),Toss-up
South Carolina,SC,TransUnion,0.2548633435801088,0.192546377437108,0.3102806375289634,0.2682926829268293,No,Yes,Toss-up,41,25%,25% (19% to 31%),Toss-up
South Dakota,SD,Experian,0.4764437641193209,0.4227837550761506,0.529196388374667,0.3333333333333333,Yes,Yes,Thin data (national pattern),6,48%,48% (42% to 53%),Thin data (national pattern)
South Dakota,SD,Equifax,0.2919412284314784,0.2020258526104066,0.3848403918330175,0.5,No,Yes,Thin data (national pattern),6,29%,29% (20% to 38%),Thin data (national pattern)
South Dakota,SD,TransUnion,0.2316150074492007,0.1764367956666661,0.2873891744862602,0.1666666666666666,No,Yes,Thin data (national pattern),6,23%,23% (18% to 29%),Thin data (national pattern)
Tennessee,TN,Experian,0.453557364146669,0.3906615785475223,0.5877360115803401,0.5238095238095238,Yes,Yes,Clear lean,21,45%,45% (39% to 59%),Clear lean
Tennessee,TN,Equifax,0.3003019044536382,0.2017729939592259,0.3412496017003453,0.3333333333333333,No,Yes,Clear lean,21,30%,30% (20% to 34%),Clear lean
Tennessee,TN,TransUnion,0.2461407313996926,0.1821459863716058,0.3071816673196464,0.1428571428571428,No,Yes,Clear lean,21,25%,25% (18% to 31%),Clear lean
Texas,TX,Experian,0.5970008530805131,0.5339110308059797,0.6560733655663875,0.5897065897065897,Yes,No,Clear lean,171,60%,60% (53% to 66%),Not a close call
Texas,TX,Equifax,0.2199432526894044,0.1782069418805034,0.2855642214487715,0.1978073012555771,No,No,Clear lean,171,22%,22% (18% to 29%),Not a close call
Texas,TX,TransUnion,0.1830558942300824,0.1361967337097376,0.2291007175624315,0.2124861090378331,No,No,Clear lean,171,18%,18% (14% to 23%),Not a close call
Utah,UT,Experian,0.4720661569929285,0.3490768072624794,0.5960401708280092,0.5714285714285714,Yes,Yes,Thin data (national pattern),7,47%,47% (35% to 60%),Thin data (national pattern)
Utah,UT,Equifax,0.1773134592849648,0.1372246473759127,0.2377815583659392,0.0,No,Yes,Thin data (national pattern),7,18%,18% (14% to 24%),Thin data (national pattern)
Utah,UT,TransUnion,0.3506203837221067,0.2038118803094668,0.4981045679017443,0.4285714285714285,No,Yes,Thin data (national pattern),7,35%,35% (20% to 50%),Thin data (national pattern)
Vermont,VT,Experian,0.4679508428248161,0.4126022700737386,0.5327112283299907,0.0,Yes,No,Thin data (national pattern),1,47%,47% (41% to 53%),Not a close call
Vermont,VT,Equifax,0.2325462194800919,0.2042946196745501,0.2714982142262332,0.0,No,No,Thin data (national pattern),1,23%,23% (20% to 27%),Not a close call
Vermont,VT,TransUnion,0.2995029376950919,0.225992092834887,0.3678184161328982,1.0,No,No,Thin data (national pattern),1,30%,30% (23% to 37%),Not a close call
Virginia,VA,Experian,0.389606167527214,0.3303215270286381,0.4747859043940203,0.3917710196779964,Yes,Yes,Toss-up,46,39%,39% (33% to 47%),Toss-up
Virginia,VA,Equifax,0.3607928513697384,0.2900489223024103,0.4348619714244942,0.3810375670840787,No,Yes,Toss-up,46,36%,36% (29% to 43%),Toss-up
Virginia,VA,TransUnion,0.2496009811030475,0.1787028516134813,0.3013152157181621,0.2271914132379248,No,Yes,Toss-up,46,25%,25% (18% to 30%),Toss-up
Washington,WA,Experian,0.5323739179959679,0.4758491925166143,0.5997934590391799,0.5369360902255639,Yes,No,Clear lean,85,53%,53% (48% to 60%),Not a close call
Washington,WA,Equifax,0.2361724364037965,0.1741404383385995,0.2792434118077402,0.2044172932330827,No,No,Clear lean,85,24%,24% (17% to 28%),Not a close call
Washington,WA,TransUnion,0.2314536456002356,0.1858957442863443,0.2853457143942817,0.2586466165413534,No,No,Clear lean,85,23%,23% (19% to 29%),Not a close call
West Virginia,WV,Experian,0.5909020609477375,0.4815018385890436,0.6627404516389224,0.75,Yes,No,Thin data (national pattern),4,59%,59% (48% to 66%),Not a close call
West Virginia,WV,Equifax,0.2367420382884326,0.1767876120865551,0.3331846039821376,0.25,No,No,Thin data (national pattern),4,24%,24% (18% to 33%),Not a close call
West Virginia,WV,TransUnion,0.1723559007638298,0.1373078081312816,0.2247886437792823,0.0,No,No,Thin data (national pattern),4,17%,17% (14% to 22%),Not a close call
Wisconsin,WI,Experian,0.5304746824884687,0.3724575236525187,0.6691258037447768,0.7,Yes,No,Clear lean,10,53%,53% (37% to 67%),Not a close call
Wisconsin,WI,Equifax,0.2475775362225096,0.1588104162255315,0.3904842224933023,0.2,No,No,Clear lean,10,25%,25% (16% to 39%),Not a close call
Wisconsin,WI,TransUnion,0.2219477812890216,0.1635174327824408,0.2785235667477935,0.1,No,No,Clear lean,10,22%,22% (16% to 28%),Not a close call
